{"count":1,"self":3242.5760768,"total":3248.8275661999996,"children":{"InitializeActuators":{"count":77,"self":0.0025008,"total":0.0025008,"children":null},"InitializeSensors":{"count":77,"self":0.0010038,"total":0.0010038,"children":null},"AgentSendState":{"count":19491,"self":0.2618198,"total":5.4515598999999995,"children":{"CollectObservations":{"count":19431,"self":5.0173472,"total":5.017347,"children":null},"WriteActionMask":{"count":19431,"self":0.031010899999999997,"total":0.031010899999999997,"children":null},"RequestDecision":{"count":19431,"self":0.14138219999999999,"total":0.14138219999999999,"children":null}}},"DecideAction":{"count":19491,"self":0.5225851,"total":0.5225851,"children":null},"AgentAct":{"count":19491,"self":0.27394019999999997,"total":0.27394019999999997,"children":null}},"gauges":{"Basic.CumulativeReward":{"count":346,"max":1.00578153,"min":-1.73551726,"runningAverage":-0.0579494871,"value":-1.00756264,"weightedAverage":0.245282978}},"metadata":{"timer_format_version":"0.1.0","start_time_seconds":"1630617635","unity_version":"2020.3.1f1","command_line_arguments":"C:\\Program Files\\Unity\\Hub\\Editor\\2020.3.1f1\\Editor\\Unity.exe -projectpath C:\/Users\/batua\/Desktop\/RLNav\/ProjNar -useHub -hubIPC -cloudEnvironment production -hubSessionId 01e7fad0-0aa3-11ec-847a-91f9f693209a -accessToken 5POY2gDRYXxLD7jXXUC2K83_j8mY1zIwCRXYSvQ9kU8011f","communication_protocol_version":"1.4.0","com.unity.ml-agents_version":"1.8.1-preview","scene_name":"UrbanEasy_DataGeneration","end_time_seconds":"1630620884"}}