{"count":1,"self":622.0647424,"total":680.5565179,"children":{"InitializeActuators":{"count":708,"self":0.0044675,"total":0.0044675,"children":null},"InitializeSensors":{"count":708,"self":0.0090473999999999988,"total":0.0090473999999999988,"children":null},"AgentSendState":{"count":10429,"self":0.18620989999999998,"total":57.779879699999995,"children":{"CollectObservations":{"count":31433,"self":57.403987199999996,"total":57.4039891,"children":null},"WriteActionMask":{"count":31433,"self":0.029022199999999998,"total":0.029022199999999998,"children":null},"RequestDecision":{"count":31433,"self":0.16065849999999998,"total":0.16065849999999998,"children":null}}},"DecideAction":{"count":10429,"self":0.44221119999999997,"total":0.44221119999999997,"children":null},"AgentAct":{"count":10429,"self":0.25616099999999997,"total":0.25616099999999997,"children":null}},"gauges":{"Basic.CumulativeReward":{"count":131,"max":0.9779837,"min":-1.110979,"runningAverage":-0.98048687,"value":-1.110979,"weightedAverage":-1.03520179}},"metadata":{"timer_format_version":"0.1.0","start_time_seconds":"1629325799","unity_version":"2020.3.1f1","command_line_arguments":"C:\\Program Files\\Unity\\Hub\\Editor\\2020.3.1f1\\Editor\\Unity.exe -projectpath C:\/Users\/batua\/Desktop\/RLNav\/ProjNar -useHub -hubIPC -cloudEnvironment production -hubSessionId 84d77750-feae-11eb-808f-854e264bf04b -accessToken KsVin9fXpscC2XEUTjF0kgxFdqYtfKzJB--XNdzyHvk011f","communication_protocol_version":"1.4.0","com.unity.ml-agents_version":"1.8.1-preview","scene_name":"UrbanEasyEnv","end_time_seconds":"1629326479"}}