{"count":1,"self":109.11703039999999,"total":675.95435579999992,"children":{"InitializeActuators":{"count":16,"self":0.0029854,"total":0.0029854,"children":null},"InitializeSensors":{"count":16,"self":0.0010077999999999999,"total":0.0010077999999999999,"children":null},"AgentSendState":{"count":41751,"self":5.543016,"total":19.5418187,"children":{"CollectObservations":{"count":167008,"self":2.2679776,"total":2.2679774999999998,"children":null},"WriteActionMask":{"count":167008,"self":1.2086923,"total":1.2086923,"children":null},"RequestDecision":{"count":167008,"self":3.7053528,"total":10.5221331,"children":{"AgentInfo.ToProto":{"count":167008,"self":3.3627135999999997,"total":6.8167803,"children":{"GenerateSensorData":{"count":167008,"self":3.4540667999999997,"total":3.4540667999999997,"children":null}}}}}}},"DecideAction":{"count":41751,"self":542.4667648,"total":542.46675959999993,"children":null},"AgentAct":{"count":41751,"self":4.7659031999999995,"total":4.7978407999999995,"children":{"AgentInfo.ToProto":{"count":477,"self":0.0099641,"total":0.0319375,"children":{"GenerateSensorData":{"count":477,"self":0.0219734,"total":0.0219734,"children":null}}}}},"AgentInfo.ToProto":{"count":391,"self":0.013903599999999999,"total":0.021922999999999998,"children":{"GenerateSensorData":{"count":391,"self":0.0080194,"total":0.0080194,"children":null}}}},"gauges":{"Basic.CumulativeReward":{"count":868,"max":5.42195463,"min":-0.614651,"runningAverage":0.548098,"value":-0.103043258,"weightedAverage":0.873763561}},"metadata":{"timer_format_version":"0.1.0","start_time_seconds":"1617235016","unity_version":"2020.3.1f1","command_line_arguments":"C:\\Program Files\\Unity\\Hub\\Editor\\2020.3.1f1\\Editor\\Unity.exe -rebuildlibrary -cloudEnvironment production -projectpath C:\\Users\\user\\Desktop\\RLNav\\RLNavProj","communication_protocol_version":"1.4.0","com.unity.ml-agents_version":"1.8.1-preview","scene_name":"Walls","end_time_seconds":"1617235691"}}